<?xml version="1.0" encoding="UTF-8"?>
<metadata xml:lang="th"><Esri><CreaDate>20200122</CreaDate><CreaTime>13405600</CreaTime><SyncOnce>FALSE</SyncOnce><SyncDate>20170206</SyncDate><SyncTime>15431400</SyncTime><ModDate>20170206</ModDate><ModTime>15431400</ModTime><DataProperties><lineage><Process ToolSource="C:\Program Files\ArcGIS\ArcToolbox\Toolboxes\Data Management Tools.tbx\CopyFeatures" Date="20101123" Time="164612" Name="" export="">CopyFeatures "C:\Program Files\Esrith\ArcData\tempArcData\TempPackage.gdb\LANDMARK" D:\01_DATA\Data_version_v13_1(221153)\ThaiRoadPlus.gdb\LANDMARK_COPY # 0 0 0</Process><Process ToolSource="C:\Program Files\ArcGIS\ArcToolbox\Toolboxes\Analysis Tools.tbx\SpatialJoin" Date="20101123" Time="171341" Name="" export="">SpatialJoin D:\01_DATA\Data_version_v13_1(221153)\ThaiRoadPlus.gdb\LANDMARK_COPY D:\01_DATA\Data_version_v13_1(221153)\ThaiRoadPlus.gdb\ADMIN_POLY D:\01_DATA\Data_version_v13_1(221153)\ThaiRoadPlus.gdb\LANDMARK JOIN_ONE_TO_ONE KEEP_ALL "SYMBOL SYMBOL true true false 2 Short 0 0 ,First,#,D:\01_DATA\Data_version_v13_1(221153)\ThaiRoadPlus.gdb\LANDMARK_COPY,SYMBOL,-1,-1;SUB_CODE SUB_CODE true true false 5 Text 0 0 ,First,#,D:\01_DATA\Data_version_v13_1(221153)\ThaiRoadPlus.gdb\LANDMARK_COPY,SUB_CODE,-1,-1;TAG TAG true true false 16 Text 0 0 ,First,#,D:\01_DATA\Data_version_v13_1(221153)\ThaiRoadPlus.gdb\LANDMARK_COPY,TAG,-1,-1;MASTER MASTER true true false 1 Text 0 0 ,First,#,D:\01_DATA\Data_version_v13_1(221153)\ThaiRoadPlus.gdb\LANDMARK_COPY,MASTER,-1,-1;ALTNAMET ALTNAMET true true false 80 Text 0 0 ,First,#,D:\01_DATA\Data_version_v13_1(221153)\ThaiRoadPlus.gdb\LANDMARK_COPY,ALTNAMET,-1,-1;NAMT NAMT true true false 80 Text 0 0 ,First,#,D:\01_DATA\Data_version_v13_1(221153)\ThaiRoadPlus.gdb\LANDMARK_COPY,NAMT,-1,-1;NAME NAME true true false 80 Text 0 0 ,First,#,D:\01_DATA\Data_version_v13_1(221153)\ThaiRoadPlus.gdb\LANDMARK_COPY,NAME,-1,-1;NAMEFLD NAMEFLD true true false 80 Text 0 0 ,First,#,D:\01_DATA\Data_version_v13_1(221153)\ThaiRoadPlus.gdb\LANDMARK_COPY,NAMEFLD,-1,-1;BRANCHT BRANCHT true true false 80 Text 0 0 ,First,#,D:\01_DATA\Data_version_v13_1(221153)\ThaiRoadPlus.gdb\LANDMARK_COPY,BRANCHT,-1,-1;BRANCHE BRANCHE true true false 80 Text 0 0 ,First,#,D:\01_DATA\Data_version_v13_1(221153)\ThaiRoadPlus.gdb\LANDMARK_COPY,BRANCHE,-1,-1;LOCATION_T LOCATION_T true true false 80 Text 0 0 ,First,#,D:\01_DATA\Data_version_v13_1(221153)\ThaiRoadPlus.gdb\LANDMARK_COPY,LOCATION_T,-1,-1;LOCATION_E LOCATION_E true true false 80 Text 0 0 ,First,#,D:\01_DATA\Data_version_v13_1(221153)\ThaiRoadPlus.gdb\LANDMARK_COPY,LOCATION_E,-1,-1;CITY_CODE CITY_CODE true true false 2 Short 0 0 ,First,#,D:\01_DATA\Data_version_v13_1(221153)\ThaiRoadPlus.gdb\LANDMARK_COPY,CITY_CODE,-1,-1;PRVAMP PRVAMP true true false 4 Text 0 0 ,First,#,D:\01_DATA\Data_version_v13_1(221153)\ThaiRoadPlus.gdb\LANDMARK_COPY,PRVAMP,-1,-1;TOURIST TOURIST true true false 1 Text 0 0 ,First,#,D:\01_DATA\Data_version_v13_1(221153)\ThaiRoadPlus.gdb\LANDMARK_COPY,TOURIST,-1,-1;SCALE SCALE true true false 2 Short 0 0 ,First,#,D:\01_DATA\Data_version_v13_1(221153)\ThaiRoadPlus.gdb\LANDMARK_COPY,SCALE,-1,-1;CONFIRM_S CONFIRM_S true true false 1 Text 0 0 ,First,#,D:\01_DATA\Data_version_v13_1(221153)\ThaiRoadPlus.gdb\LANDMARK_COPY,CONFIRM_S,-1,-1;LDMLEVEL LDMLEVEL true true false 2 Short 0 0 ,First,#,D:\01_DATA\Data_version_v13_1(221153)\ThaiRoadPlus.gdb\LANDMARK_COPY,LDMLEVEL,-1,-1;TEL1 TEL1 true true false 80 Text 0 0 ,First,#,D:\01_DATA\Data_version_v13_1(221153)\ThaiRoadPlus.gdb\LANDMARK_COPY,TEL1,-1,-1;FAX FAX true true false 80 Text 0 0 ,First,#,D:\01_DATA\Data_version_v13_1(221153)\ThaiRoadPlus.gdb\LANDMARK_COPY,FAX,-1,-1;V13_1 V13_1 true true false 2 Text 0 0 ,First,#,D:\01_DATA\Data_version_v13_1(221153)\ThaiRoadPlus.gdb\LANDMARK_COPY,V13_1,-1,-1,D:\01_DATA\Data_version_v13_1(221153)\ThaiRoadPlus.gdb\ADMIN_POLY,V13_1,-1,-1;LDMTAG LDMTAG true true false 8 Double 0 0 ,First,#,D:\01_DATA\Data_version_v13_1(221153)\ThaiRoadPlus.gdb\LANDMARK_COPY,LDMTAG,-1,-1;BRANDID BRANDID true true false 4 Long 0 0 ,First,#,D:\01_DATA\Data_version_v13_1(221153)\ThaiRoadPlus.gdb\LANDMARK_COPY,BRANDID,-1,-1;GRPID GRPID true true false 2 Short 0 0 ,First,#,D:\01_DATA\Data_version_v13_1(221153)\ThaiRoadPlus.gdb\LANDMARK_COPY,GRPID,-1,-1;PROV_CODE PROV_CODE true true false 2 Text 0 0 ,First,#,D:\01_DATA\Data_version_v13_1(221153)\ThaiRoadPlus.gdb\ADMIN_POLY,PROV_CODE,-1,-1;AMP_CODE AMP_CODE true true false 2 Text 0 0 ,First,#,D:\01_DATA\Data_version_v13_1(221153)\ThaiRoadPlus.gdb\ADMIN_POLY,AMP_CODE,-1,-1;TAM_CODE TAM_CODE true true false 2 Text 0 0 ,First,#,D:\01_DATA\Data_version_v13_1(221153)\ThaiRoadPlus.gdb\ADMIN_POLY,TAM_CODE,-1,-1;SHAPE_Length SHAPE_Length false true true 8 Double 0 0 ,First,#,D:\01_DATA\Data_version_v13_1(221153)\ThaiRoadPlus.gdb\ADMIN_POLY,SHAPE_Length,-1,-1;SHAPE_Area SHAPE_Area false true true 8 Double 0 0 ,First,#,D:\01_DATA\Data_version_v13_1(221153)\ThaiRoadPlus.gdb\ADMIN_POLY,SHAPE_Area,-1,-1" INTERSECTS "0 Unknown"</Process><Process ToolSource="C:\Program Files\ArcGIS\ArcToolbox\Toolboxes\Data Management Tools.tbx\CalculateField" Date="20101123" Time="171445" Name="" export="">CalculateField D:\01_DATA\Data_version_v13_1(221153)\ThaiRoadPlus.gdb\LANDMARK PRVAMP [PROV_CODE]&amp;[AMP_CODE] VB # D:\01_DATA\Data_version_v13_1(221153)\ThaiRoadPlus.gdb\LANDMARK</Process><Process ToolSource="C:\Program Files\ArcGIS\ArcToolbox\Toolboxes\Data Management Tools.tbx\CopyFeatures" Date="20110513" Time="124127" Name="" export="">CopyFeatures "C:\Program Files\Esrith\ArcData\tempArcData\TempPackage.gdb\LANDMARK" E:\01_Data\Package_13_2_(120554)_pc894\Admin_Muni_landmark\ThaiRoadPlus.gdb\LANDMARK_COPY # 0 0 0</Process><Process ToolSource="C:\Program Files\ArcGIS\ArcToolbox\Toolboxes\Analysis Tools.tbx\SpatialJoin" Date="20110513" Time="130720" Name="" export="">SpatialJoin E:\01_Data\Package_13_2_(120554)_pc894\Admin_Muni_landmark\ThaiRoadPlus.gdb\LANDMARK_COPY E:\01_Data\Package_13_2_(120554)_pc894\Admin_Muni_landmark\ThaiRoadPlus.gdb\ADMIN_POLY E:\01_Data\Package_13_2_(120554)_pc894\Admin_Muni_landmark\ThaiRoadPlus.gdb\LANDMARK JOIN_ONE_TO_ONE KEEP_ALL "SYMBOL SYMBOL true true false 2 Short 0 0 ,First,#,E:\01_Data\Package_13_2_(120554)_pc894\Admin_Muni_landmark\ThaiRoadPlus.gdb\LANDMARK_COPY,SYMBOL,-1,-1;SUB_CODE SUB_CODE true true false 5 Text 0 0 ,First,#,E:\01_Data\Package_13_2_(120554)_pc894\Admin_Muni_landmark\ThaiRoadPlus.gdb\LANDMARK_COPY,SUB_CODE,-1,-1;TAG TAG true true false 16 Text 0 0 ,First,#,E:\01_Data\Package_13_2_(120554)_pc894\Admin_Muni_landmark\ThaiRoadPlus.gdb\LANDMARK_COPY,TAG,-1,-1;MASTER MASTER true true false 1 Text 0 0 ,First,#,E:\01_Data\Package_13_2_(120554)_pc894\Admin_Muni_landmark\ThaiRoadPlus.gdb\LANDMARK_COPY,MASTER,-1,-1;ALTNAMET ALTNAMET true true false 80 Text 0 0 ,First,#,E:\01_Data\Package_13_2_(120554)_pc894\Admin_Muni_landmark\ThaiRoadPlus.gdb\LANDMARK_COPY,ALTNAMET,-1,-1;NAMT NAMT true true false 80 Text 0 0 ,First,#,E:\01_Data\Package_13_2_(120554)_pc894\Admin_Muni_landmark\ThaiRoadPlus.gdb\LANDMARK_COPY,NAMT,-1,-1;NAME NAME true true false 80 Text 0 0 ,First,#,E:\01_Data\Package_13_2_(120554)_pc894\Admin_Muni_landmark\ThaiRoadPlus.gdb\LANDMARK_COPY,NAME,-1,-1;NAMEFLD NAMEFLD true true false 80 Text 0 0 ,First,#,E:\01_Data\Package_13_2_(120554)_pc894\Admin_Muni_landmark\ThaiRoadPlus.gdb\LANDMARK_COPY,NAMEFLD,-1,-1;BRANCHT BRANCHT true true false 80 Text 0 0 ,First,#,E:\01_Data\Package_13_2_(120554)_pc894\Admin_Muni_landmark\ThaiRoadPlus.gdb\LANDMARK_COPY,BRANCHT,-1,-1;BRANCHE BRANCHE true true false 80 Text 0 0 ,First,#,E:\01_Data\Package_13_2_(120554)_pc894\Admin_Muni_landmark\ThaiRoadPlus.gdb\LANDMARK_COPY,BRANCHE,-1,-1;LOCATION_T LOCATION_T true true false 80 Text 0 0 ,First,#,E:\01_Data\Package_13_2_(120554)_pc894\Admin_Muni_landmark\ThaiRoadPlus.gdb\LANDMARK_COPY,LOCATION_T,-1,-1;LOCATION_E LOCATION_E true true false 80 Text 0 0 ,First,#,E:\01_Data\Package_13_2_(120554)_pc894\Admin_Muni_landmark\ThaiRoadPlus.gdb\LANDMARK_COPY,LOCATION_E,-1,-1;CITY_CODE CITY_CODE true true false 2 Short 0 0 ,First,#,E:\01_Data\Package_13_2_(120554)_pc894\Admin_Muni_landmark\ThaiRoadPlus.gdb\LANDMARK_COPY,CITY_CODE,-1,-1;PRVAMP PRVAMP true true false 4 Text 0 0 ,First,#,E:\01_Data\Package_13_2_(120554)_pc894\Admin_Muni_landmark\ThaiRoadPlus.gdb\LANDMARK_COPY,PRVAMP,-1,-1;TOURIST TOURIST true true false 1 Text 0 0 ,First,#,E:\01_Data\Package_13_2_(120554)_pc894\Admin_Muni_landmark\ThaiRoadPlus.gdb\LANDMARK_COPY,TOURIST,-1,-1;SCALE SCALE true true false 2 Short 0 0 ,First,#,E:\01_Data\Package_13_2_(120554)_pc894\Admin_Muni_landmark\ThaiRoadPlus.gdb\LANDMARK_COPY,SCALE,-1,-1;CONFIRM_S CONFIRM_S true true false 1 Text 0 0 ,First,#,E:\01_Data\Package_13_2_(120554)_pc894\Admin_Muni_landmark\ThaiRoadPlus.gdb\LANDMARK_COPY,CONFIRM_S,-1,-1;LDMLEVEL LDMLEVEL true true false 2 Short 0 0 ,First,#,E:\01_Data\Package_13_2_(120554)_pc894\Admin_Muni_landmark\ThaiRoadPlus.gdb\LANDMARK_COPY,LDMLEVEL,-1,-1;TEL1 TEL1 true true false 80 Text 0 0 ,First,#,E:\01_Data\Package_13_2_(120554)_pc894\Admin_Muni_landmark\ThaiRoadPlus.gdb\LANDMARK_COPY,TEL1,-1,-1;FAX FAX true true false 80 Text 0 0 ,First,#,E:\01_Data\Package_13_2_(120554)_pc894\Admin_Muni_landmark\ThaiRoadPlus.gdb\LANDMARK_COPY,FAX,-1,-1;V13_2 V13_2 true true false 2 Text 0 0 ,First,#,E:\01_Data\Package_13_2_(120554)_pc894\Admin_Muni_landmark\ThaiRoadPlus.gdb\LANDMARK_COPY,V13_2,-1,-1,E:\01_Data\Package_13_2_(120554)_pc894\Admin_Muni_landmark\ThaiRoadPlus.gdb\ADMIN_POLY,V13_2,-1,-1;LDMTAG LDMTAG true true false 8 Double 0 0 ,First,#,E:\01_Data\Package_13_2_(120554)_pc894\Admin_Muni_landmark\ThaiRoadPlus.gdb\LANDMARK_COPY,LDMTAG,-1,-1;BRANDID BRANDID true true false 4 Long 0 0 ,First,#,E:\01_Data\Package_13_2_(120554)_pc894\Admin_Muni_landmark\ThaiRoadPlus.gdb\LANDMARK_COPY,BRANDID,-1,-1;GRPID GRPID true true false 2 Short 0 0 ,First,#,E:\01_Data\Package_13_2_(120554)_pc894\Admin_Muni_landmark\ThaiRoadPlus.gdb\LANDMARK_COPY,GRPID,-1,-1;PROV_CODE PROV_CODE true true false 2 Text 0 0 ,First,#,E:\01_Data\Package_13_2_(120554)_pc894\Admin_Muni_landmark\ThaiRoadPlus.gdb\ADMIN_POLY,PROV_CODE,-1,-1;AMP_CODE AMP_CODE true true false 2 Text 0 0 ,First,#,E:\01_Data\Package_13_2_(120554)_pc894\Admin_Muni_landmark\ThaiRoadPlus.gdb\ADMIN_POLY,AMP_CODE,-1,-1;TAM_CODE TAM_CODE true true false 2 Text 0 0 ,First,#,E:\01_Data\Package_13_2_(120554)_pc894\Admin_Muni_landmark\ThaiRoadPlus.gdb\ADMIN_POLY,TAM_CODE,-1,-1;SHAPE_Length SHAPE_Length false true true 8 Double 0 0 ,First,#,E:\01_Data\Package_13_2_(120554)_pc894\Admin_Muni_landmark\ThaiRoadPlus.gdb\ADMIN_POLY,SHAPE_Length,-1,-1;SHAPE_Area SHAPE_Area false true true 8 Double 0 0 ,First,#,E:\01_Data\Package_13_2_(120554)_pc894\Admin_Muni_landmark\ThaiRoadPlus.gdb\ADMIN_POLY,SHAPE_Area,-1,-1" INTERSECTS "0 Unknown"</Process><Process ToolSource="C:\Program Files\ArcGIS\ArcToolbox\Toolboxes\Data Management Tools.tbx\CalculateField" Date="20110513" Time="130821" Name="" export="">CalculateField E:\01_Data\Package_13_2_(120554)_pc894\Admin_Muni_landmark\ThaiRoadPlus.gdb\LANDMARK PRVAMP [PROV_CODE]&amp;[AMP_CODE] VB # E:\01_Data\Package_13_2_(120554)_pc894\Admin_Muni_landmark\ThaiRoadPlus.gdb\LANDMARK</Process><Process ToolSource="C:\Program Files\ArcGIS\ArcToolbox\Toolboxes\Data Management Tools.tbx\CopyFeatures" Date="20111122" Time="170510" Name="" export="">CopyFeatures "C:\Program Files\Esrith\ArcData\tempArcData\TempPackage.gdb\LANDMARK" D:\01_DATA\ArcData_v14_1\Data_for_sent_Final\ThaiRoadPlus.gdb\LANDMARK_COPY # 0 0 0</Process><Process ToolSource="C:\Program Files\ArcGIS\ArcToolbox\Toolboxes\Analysis Tools.tbx\SpatialJoin" Date="20111122" Time="201136" Name="" export="">SpatialJoin D:\01_DATA\ArcData_v14_1\Data_for_sent_Final\ThaiRoadPlus.gdb\LANDMARK_COPY D:\01_DATA\ArcData_v14_1\Data_for_sent_Final\ThaiRoadPlus.gdb\ADMIN_POLY D:\01_DATA\ArcData_v14_1\Data_for_sent_Final\ThaiRoadPlus.gdb\LANDMARK JOIN_ONE_TO_ONE KEEP_ALL "SYMBOL SYMBOL true true false 2 Short 0 0 ,First,#,D:\01_DATA\ArcData_v14_1\Data_for_sent_Final\ThaiRoadPlus.gdb\LANDMARK_COPY,SYMBOL,-1,-1;SUB_CODE SUB_CODE true true false 5 Text 0 0 ,First,#,D:\01_DATA\ArcData_v14_1\Data_for_sent_Final\ThaiRoadPlus.gdb\LANDMARK_COPY,SUB_CODE,-1,-1;TAG TAG true true false 16 Text 0 0 ,First,#,D:\01_DATA\ArcData_v14_1\Data_for_sent_Final\ThaiRoadPlus.gdb\LANDMARK_COPY,TAG,-1,-1;MASTER MASTER true true false 1 Text 0 0 ,First,#,D:\01_DATA\ArcData_v14_1\Data_for_sent_Final\ThaiRoadPlus.gdb\LANDMARK_COPY,MASTER,-1,-1;ALTNAMET ALTNAMET true true false 80 Text 0 0 ,First,#,D:\01_DATA\ArcData_v14_1\Data_for_sent_Final\ThaiRoadPlus.gdb\LANDMARK_COPY,ALTNAMET,-1,-1;NAMT NAMT true true false 80 Text 0 0 ,First,#,D:\01_DATA\ArcData_v14_1\Data_for_sent_Final\ThaiRoadPlus.gdb\LANDMARK_COPY,NAMT,-1,-1;NAME NAME true true false 80 Text 0 0 ,First,#,D:\01_DATA\ArcData_v14_1\Data_for_sent_Final\ThaiRoadPlus.gdb\LANDMARK_COPY,NAME,-1,-1;NAMEFLD NAMEFLD true true false 80 Text 0 0 ,First,#,D:\01_DATA\ArcData_v14_1\Data_for_sent_Final\ThaiRoadPlus.gdb\LANDMARK_COPY,NAMEFLD,-1,-1;BRANCHT BRANCHT true true false 80 Text 0 0 ,First,#,D:\01_DATA\ArcData_v14_1\Data_for_sent_Final\ThaiRoadPlus.gdb\LANDMARK_COPY,BRANCHT,-1,-1;BRANCHE BRANCHE true true false 80 Text 0 0 ,First,#,D:\01_DATA\ArcData_v14_1\Data_for_sent_Final\ThaiRoadPlus.gdb\LANDMARK_COPY,BRANCHE,-1,-1;LOCATION_T LOCATION_T true true false 80 Text 0 0 ,First,#,D:\01_DATA\ArcData_v14_1\Data_for_sent_Final\ThaiRoadPlus.gdb\LANDMARK_COPY,LOCATION_T,-1,-1;LOCATION_E LOCATION_E true true false 80 Text 0 0 ,First,#,D:\01_DATA\ArcData_v14_1\Data_for_sent_Final\ThaiRoadPlus.gdb\LANDMARK_COPY,LOCATION_E,-1,-1;CITY_CODE CITY_CODE true true false 2 Short 0 0 ,First,#,D:\01_DATA\ArcData_v14_1\Data_for_sent_Final\ThaiRoadPlus.gdb\LANDMARK_COPY,CITY_CODE,-1,-1;PRVAMP PRVAMP true true false 4 Text 0 0 ,First,#,D:\01_DATA\ArcData_v14_1\Data_for_sent_Final\ThaiRoadPlus.gdb\LANDMARK_COPY,PRVAMP,-1,-1;TOURIST TOURIST true true false 1 Text 0 0 ,First,#,D:\01_DATA\ArcData_v14_1\Data_for_sent_Final\ThaiRoadPlus.gdb\LANDMARK_COPY,TOURIST,-1,-1;SCALE SCALE true true false 2 Short 0 0 ,First,#,D:\01_DATA\ArcData_v14_1\Data_for_sent_Final\ThaiRoadPlus.gdb\LANDMARK_COPY,SCALE,-1,-1;CONFIRM_S CONFIRM_S true true false 1 Text 0 0 ,First,#,D:\01_DATA\ArcData_v14_1\Data_for_sent_Final\ThaiRoadPlus.gdb\LANDMARK_COPY,CONFIRM_S,-1,-1;LDMLEVEL LDMLEVEL true true false 2 Short 0 0 ,First,#,D:\01_DATA\ArcData_v14_1\Data_for_sent_Final\ThaiRoadPlus.gdb\LANDMARK_COPY,LDMLEVEL,-1,-1;TEL1 TEL1 true true false 80 Text 0 0 ,First,#,D:\01_DATA\ArcData_v14_1\Data_for_sent_Final\ThaiRoadPlus.gdb\LANDMARK_COPY,TEL1,-1,-1;FAX FAX true true false 80 Text 0 0 ,First,#,D:\01_DATA\ArcData_v14_1\Data_for_sent_Final\ThaiRoadPlus.gdb\LANDMARK_COPY,FAX,-1,-1;V14_1 V14_1 true true false 2 Text 0 0 ,First,#,D:\01_DATA\ArcData_v14_1\Data_for_sent_Final\ThaiRoadPlus.gdb\LANDMARK_COPY,V14_1,-1,-1,D:\01_DATA\ArcData_v14_1\Data_for_sent_Final\ThaiRoadPlus.gdb\ADMIN_POLY,V14_1,-1,-1;LDMTAG LDMTAG true true false 8 Double 0 0 ,First,#,D:\01_DATA\ArcData_v14_1\Data_for_sent_Final\ThaiRoadPlus.gdb\LANDMARK_COPY,LDMTAG,-1,-1;BRANDID BRANDID true true false 4 Long 0 0 ,First,#,D:\01_DATA\ArcData_v14_1\Data_for_sent_Final\ThaiRoadPlus.gdb\LANDMARK_COPY,BRANDID,-1,-1;GRPID GRPID true true false 2 Short 0 0 ,First,#,D:\01_DATA\ArcData_v14_1\Data_for_sent_Final\ThaiRoadPlus.gdb\LANDMARK_COPY,GRPID,-1,-1;PROV_CODE PROV_CODE true true false 2 Text 0 0 ,First,#,D:\01_DATA\ArcData_v14_1\Data_for_sent_Final\ThaiRoadPlus.gdb\ADMIN_POLY,PROV_CODE,-1,-1;AMP_CODE AMP_CODE true true false 2 Text 0 0 ,First,#,D:\01_DATA\ArcData_v14_1\Data_for_sent_Final\ThaiRoadPlus.gdb\ADMIN_POLY,AMP_CODE,-1,-1;TAM_CODE TAM_CODE true true false 2 Text 0 0 ,First,#,D:\01_DATA\ArcData_v14_1\Data_for_sent_Final\ThaiRoadPlus.gdb\ADMIN_POLY,TAM_CODE,-1,-1;SHAPE_Length SHAPE_Length false true true 8 Double 0 0 ,First,#,D:\01_DATA\ArcData_v14_1\Data_for_sent_Final\ThaiRoadPlus.gdb\ADMIN_POLY,SHAPE_Length,-1,-1;SHAPE_Area SHAPE_Area false true true 8 Double 0 0 ,First,#,D:\01_DATA\ArcData_v14_1\Data_for_sent_Final\ThaiRoadPlus.gdb\ADMIN_POLY,SHAPE_Area,-1,-1" INTERSECTS "0 Unknown"</Process><Process ToolSource="C:\Program Files\ArcGIS\ArcToolbox\Toolboxes\Data Management Tools.tbx\CalculateField" Date="20111122" Time="201254" Name="" export="">CalculateField D:\01_DATA\ArcData_v14_1\Data_for_sent_Final\ThaiRoadPlus.gdb\LANDMARK PRVAMP [PROV_CODE]&amp;[AMP_CODE] VB # D:\01_DATA\ArcData_v14_1\Data_for_sent_Final\ThaiRoadPlus.gdb\LANDMARK</Process><Process ToolSource="C:\Program Files (x86)\ArcGIS\Desktop10.0\ArcToolbox\Toolboxes\Data Management Tools.tbx\CalculateField" Date="20111213" Time="153044" Name="" export="">CalculateField D:\ArcData_2009\ArcData141\Nostra\ThaiRoadPlus.gdb\LANDMARK NAMT_ORG [NAMT] VB #</Process><Process ToolSource="C:\Program Files (x86)\ArcGIS\Desktop10.0\ArcToolbox\Toolboxes\Data Management Tools.tbx\CalculateField" Date="20111213" Time="153145" Name="" export="">CalculateField D:\ArcData_2009\ArcData141\Nostra\ThaiRoadPlus.gdb\LANDMARK NAME_ORG [NAME] VB #</Process><Process ToolSource="C:\Program Files (x86)\ArcGIS\Desktop10.0\ArcToolbox\Toolboxes\Data Management Tools.tbx\CalculateField" Date="20111213" Time="153248" Name="" export="">CalculateField D:\ArcData_2009\ArcData141\Nostra\ThaiRoadPlus.gdb\LANDMARK LDMTAG_S [LDMTAG] VB #</Process><Process ToolSource="C:\Program Files (x86)\ArcGIS\Desktop10.0\ArcToolbox\Toolboxes\Data Management Tools.tbx\CalculateField" Date="20111213" Time="155046" Name="" export="">CalculateField LANDMARK VERSION "14.1" VB #</Process><Process ToolSource="C:\Program Files (x86)\ArcGIS\Desktop10.0\ArcToolbox\Toolboxes\Data Management Tools.tbx\CalculateField" Date="20111213" Time="162015" Name="" export="">CalculateField LANDMARK VERSION "[V14_1] + "14.1"" VB #</Process><Process ToolSource="C:\Program Files (x86)\ArcGIS\Desktop10.0\ArcToolbox\Toolboxes\Data Management Tools.tbx\CalculateField" Date="20111217" Time="225236" Name="" export="">CalculateField LANDMARK SYMBOL Left( [SUB_CODE],3  ) VB #</Process><Process ToolSource="C:\Program Files (x86)\ArcGIS\Desktop10.0\ArcToolbox\Toolboxes\Data Management Tools.tbx\CalculateField" Date="20111217" Time="225331" Name="" export="">CalculateField LANDMARK MARK 1 VB #</Process><Process ToolSource="C:\Program Files (x86)\ArcGIS\Desktop10.0\ArcToolbox\Toolboxes\Data Management Tools.tbx\CalculateField" Date="20111217" Time="225350" Name="" export="">CalculateField LANDMARK VERSION "A14.1" VB #</Process><Process ToolSource="C:\Program Files (x86)\ArcGIS\Desktop10.0\ArcToolbox\Toolboxes\Data Management Tools.tbx\CalculateField" Date="20111217" Time="225407" Name="" export="">CalculateField LANDMARK LDMTAG_S [TAG] VB #</Process><Process ToolSource="C:\Program Files (x86)\ArcGIS\Desktop10.0\ArcToolbox\Toolboxes\Data Management Tools.tbx\CalculateField" Date="20111217" Time="225428" Name="" export="">CalculateField LANDMARK LDMTAG [TAG] VB #</Process><Process ToolSource="C:\Program Files (x86)\ArcGIS\Desktop10.0\ArcToolbox\Toolboxes\Data Management Tools.tbx\AddXY" Date="20111218" Time="001932" Name="" export="">AddXY LANDMARK</Process><Process ToolSource="C:\Program Files (x86)\ArcGIS\Desktop10.0\ArcToolbox\Toolboxes\Data Management Tools.tbx\CalculateField" Date="20111218" Time="002335" Name="" export="">CalculateField LANDMARK tam_mix "[PROV_CODE] + [AMP_CODE] + [TAM_CODE]" VB #</Process><Process ToolSource="C:\Program Files (x86)\ArcGIS\ArcToolbox\Toolboxes\Data Management Tools.tbx\Merge" Date="20120213" Time="160024" Name="" export="">Merge D:\01_NOSTRA_Standard\NOSTRA_STD_version14.1\TR_PLUS\ThaiRoadPlus.gdb\LANDMARK;D:\01_NOSTRA_Standard\NOSTRA_STD_version14.1\TR_PLUS\ThaiRoadPlus.gdb\LDM_ADD_DEPARTMENT D:\01_NOSTRA_Standard\NOSTRA_STD_version14.1\TR_PLUS\ThaiRoadPlus.gdb\LANDMARK_UPDATE "SYMBOL 'SYMBOL' true true false 2 Short 0 0 ,First,#,D:\01_NOSTRA_Standard\NOSTRA_STD_version14.1\TR_PLUS\ThaiRoadPlus.gdb\LANDMARK,SYMBOL,-1,-1;SUB_CODE 'SUB_CODE' true true false 5 Text 0 0 ,First,#,D:\01_NOSTRA_Standard\NOSTRA_STD_version14.1\TR_PLUS\ThaiRoadPlus.gdb\LANDMARK,SUB_CODE,-1,-1,D:\01_NOSTRA_Standard\NOSTRA_STD_version14.1\TR_PLUS\ThaiRoadPlus.gdb\LDM_ADD_DEPARTMENT,SUB_CODE,-1,-1;TAG 'TAG' true true false 16 Text 0 0 ,First,#,D:\01_NOSTRA_Standard\NOSTRA_STD_version14.1\TR_PLUS\ThaiRoadPlus.gdb\LANDMARK,TAG,-1,-1,D:\01_NOSTRA_Standard\NOSTRA_STD_version14.1\TR_PLUS\ThaiRoadPlus.gdb\LDM_ADD_DEPARTMENT,TAG,-1,-1;MASTER 'MASTER' true true false 1 Text 0 0 ,First,#,D:\01_NOSTRA_Standard\NOSTRA_STD_version14.1\TR_PLUS\ThaiRoadPlus.gdb\LANDMARK,MASTER,-1,-1;ALTNAMET 'ALTNAMET' true true false 80 Text 0 0 ,First,#,D:\01_NOSTRA_Standard\NOSTRA_STD_version14.1\TR_PLUS\ThaiRoadPlus.gdb\LANDMARK,ALTNAMET,-1,-1;NAMT 'NAMT' true true false 80 Text 0 0 ,First,#,D:\01_NOSTRA_Standard\NOSTRA_STD_version14.1\TR_PLUS\ThaiRoadPlus.gdb\LANDMARK,NAMT,-1,-1,D:\01_NOSTRA_Standard\NOSTRA_STD_version14.1\TR_PLUS\ThaiRoadPlus.gdb\LDM_ADD_DEPARTMENT,NAMT,-1,-1;NAME 'NAME' true true false 80 Text 0 0 ,First,#,D:\01_NOSTRA_Standard\NOSTRA_STD_version14.1\TR_PLUS\ThaiRoadPlus.gdb\LANDMARK,NAME,-1,-1,D:\01_NOSTRA_Standard\NOSTRA_STD_version14.1\TR_PLUS\ThaiRoadPlus.gdb\LDM_ADD_DEPARTMENT,NAME,-1,-1;NAMEFLD 'NAMEFLD' true true false 80 Text 0 0 ,First,#,D:\01_NOSTRA_Standard\NOSTRA_STD_version14.1\TR_PLUS\ThaiRoadPlus.gdb\LANDMARK,NAMEFLD,-1,-1;BRANCHT 'BRANCHT' true true false 80 Text 0 0 ,First,#,D:\01_NOSTRA_Standard\NOSTRA_STD_version14.1\TR_PLUS\ThaiRoadPlus.gdb\LANDMARK,BRANCHT,-1,-1,D:\01_NOSTRA_Standard\NOSTRA_STD_version14.1\TR_PLUS\ThaiRoadPlus.gdb\LDM_ADD_DEPARTMENT,BRANCHT,-1,-1;BRANCHE 'BRANCHE' true true false 80 Text 0 0 ,First,#,D:\01_NOSTRA_Standard\NOSTRA_STD_version14.1\TR_PLUS\ThaiRoadPlus.gdb\LANDMARK,BRANCHE,-1,-1,D:\01_NOSTRA_Standard\NOSTRA_STD_version14.1\TR_PLUS\ThaiRoadPlus.gdb\LDM_ADD_DEPARTMENT,BRANCHE,-1,-1;LOCATION_T 'LOCATION_T' true true false 80 Text 0 0 ,First,#,D:\01_NOSTRA_Standard\NOSTRA_STD_version14.1\TR_PLUS\ThaiRoadPlus.gdb\LANDMARK,LOCATION_T,-1,-1,D:\01_NOSTRA_Standard\NOSTRA_STD_version14.1\TR_PLUS\ThaiRoadPlus.gdb\LDM_ADD_DEPARTMENT,LOCATION_T,-1,-1;LOCATION_E 'LOCATION_E' true true false 80 Text 0 0 ,First,#,D:\01_NOSTRA_Standard\NOSTRA_STD_version14.1\TR_PLUS\ThaiRoadPlus.gdb\LANDMARK,LOCATION_E,-1,-1,D:\01_NOSTRA_Standard\NOSTRA_STD_version14.1\TR_PLUS\ThaiRoadPlus.gdb\LDM_ADD_DEPARTMENT,LOCATION_E,-1,-1;CITY_CODE 'CITY_CODE' true true false 2 Short 0 0 ,First,#,D:\01_NOSTRA_Standard\NOSTRA_STD_version14.1\TR_PLUS\ThaiRoadPlus.gdb\LANDMARK,CITY_CODE,-1,-1;PRVAMP 'PRVAMP' true true false 4 Text 0 0 ,First,#,D:\01_NOSTRA_Standard\NOSTRA_STD_version14.1\TR_PLUS\ThaiRoadPlus.gdb\LANDMARK,PRVAMP,-1,-1;TOURIST 'TOURIST' true true false 1 Text 0 0 ,First,#,D:\01_NOSTRA_Standard\NOSTRA_STD_version14.1\TR_PLUS\ThaiRoadPlus.gdb\LANDMARK,TOURIST,-1,-1;SCALE 'SCALE' true true false 2 Short 0 0 ,First,#,D:\01_NOSTRA_Standard\NOSTRA_STD_version14.1\TR_PLUS\ThaiRoadPlus.gdb\LANDMARK,SCALE,-1,-1;CONFIRM_S 'CONFIRM_S' true true false 1 Text 0 0 ,First,#,D:\01_NOSTRA_Standard\NOSTRA_STD_version14.1\TR_PLUS\ThaiRoadPlus.gdb\LANDMARK,CONFIRM_S,-1,-1;LDMLEVEL 'LDMLEVEL' true true false 2 Short 0 0 ,First,#,D:\01_NOSTRA_Standard\NOSTRA_STD_version14.1\TR_PLUS\ThaiRoadPlus.gdb\LANDMARK,LDMLEVEL,-1,-1;TEL1 'TEL1' true true false 80 Text 0 0 ,First,#,D:\01_NOSTRA_Standard\NOSTRA_STD_version14.1\TR_PLUS\ThaiRoadPlus.gdb\LANDMARK,TEL1,-1,-1;FAX 'FAX' true true false 80 Text 0 0 ,First,#,D:\01_NOSTRA_Standard\NOSTRA_STD_version14.1\TR_PLUS\ThaiRoadPlus.gdb\LANDMARK,FAX,-1,-1;V14_1 'V14_1' true true false 2 Text 0 0 ,First,#,D:\01_NOSTRA_Standard\NOSTRA_STD_version14.1\TR_PLUS\ThaiRoadPlus.gdb\LANDMARK,V14_1,-1,-1;LDMTAG 'LDMTAG' true true false 8 Double 0 0 ,First,#,D:\01_NOSTRA_Standard\NOSTRA_STD_version14.1\TR_PLUS\ThaiRoadPlus.gdb\LANDMARK,LDMTAG,-1,-1,D:\01_NOSTRA_Standard\NOSTRA_STD_version14.1\TR_PLUS\ThaiRoadPlus.gdb\LDM_ADD_DEPARTMENT,LDMTAG,-1,-1;BRANDID 'BRANDID' true true false 4 Long 0 0 ,First,#,D:\01_NOSTRA_Standard\NOSTRA_STD_version14.1\TR_PLUS\ThaiRoadPlus.gdb\LANDMARK,BRANDID,-1,-1;GRPID 'GRPID' true true false 2 Short 0 0 ,First,#,D:\01_NOSTRA_Standard\NOSTRA_STD_version14.1\TR_PLUS\ThaiRoadPlus.gdb\LANDMARK,GRPID,-1,-1;PROV_CODE 'PROV_CODE' true true false 2 Text 0 0 ,First,#,D:\01_NOSTRA_Standard\NOSTRA_STD_version14.1\TR_PLUS\ThaiRoadPlus.gdb\LANDMARK,PROV_CODE,-1,-1,D:\01_NOSTRA_Standard\NOSTRA_STD_version14.1\TR_PLUS\ThaiRoadPlus.gdb\LDM_ADD_DEPARTMENT,PROV_CODE,-1,-1;AMP_CODE 'AMP_CODE' true true false 2 Text 0 0 ,First,#,D:\01_NOSTRA_Standard\NOSTRA_STD_version14.1\TR_PLUS\ThaiRoadPlus.gdb\LANDMARK,AMP_CODE,-1,-1,D:\01_NOSTRA_Standard\NOSTRA_STD_version14.1\TR_PLUS\ThaiRoadPlus.gdb\LDM_ADD_DEPARTMENT,AMP_CODE,-1,-1;TAM_CODE 'TAM_CODE' true true false 2 Text 0 0 ,First,#,D:\01_NOSTRA_Standard\NOSTRA_STD_version14.1\TR_PLUS\ThaiRoadPlus.gdb\LANDMARK,TAM_CODE,-1,-1,D:\01_NOSTRA_Standard\NOSTRA_STD_version14.1\TR_PLUS\ThaiRoadPlus.gdb\LDM_ADD_DEPARTMENT,TAM_CODE,-1,-1;SENT 'SENT' true true false 1 Text 0 0 ,First,#,D:\01_NOSTRA_Standard\NOSTRA_STD_version14.1\TR_PLUS\ThaiRoadPlus.gdb\LANDMARK,SENT,-1,-1;NAMT_ORG 'NAMT_ORG' true true false 80 Text 0 0 ,First,#,D:\01_NOSTRA_Standard\NOSTRA_STD_version14.1\TR_PLUS\ThaiRoadPlus.gdb\LANDMARK,NAMT_ORG,-1,-1;NAME_ORG 'NAME_ORG' true true false 80 Text 0 0 ,First,#,D:\01_NOSTRA_Standard\NOSTRA_STD_version14.1\TR_PLUS\ThaiRoadPlus.gdb\LANDMARK,NAME_ORG,-1,-1;LDMTAG_S 'LDMTAG_S' true true false 16 Text 0 0 ,First,#,D:\01_NOSTRA_Standard\NOSTRA_STD_version14.1\TR_PLUS\ThaiRoadPlus.gdb\LANDMARK,LDMTAG_S,-1,-1,D:\01_NOSTRA_Standard\NOSTRA_STD_version14.1\TR_PLUS\ThaiRoadPlus.gdb\LDM_ADD_DEPARTMENT,LDMTAG_S,-1,-1;VERSION 'VERSION' true true false 10 Text 0 0 ,First,#,D:\01_NOSTRA_Standard\NOSTRA_STD_version14.1\TR_PLUS\ThaiRoadPlus.gdb\LANDMARK,VERSION,-1,-1;LITE 'LITE' true true false 2 Short 0 0 ,First,#,D:\01_NOSTRA_Standard\NOSTRA_STD_version14.1\TR_PLUS\ThaiRoadPlus.gdb\LANDMARK,LITE,-1,-1;TR 'TR' true true false 2 Short 0 0 ,First,#,D:\01_NOSTRA_Standard\NOSTRA_STD_version14.1\TR_PLUS\ThaiRoadPlus.gdb\LANDMARK,TR,-1,-1;PLUS_GLOV 'PLUS_GLOV' true true false 2 Short 0 0 ,First,#,D:\01_NOSTRA_Standard\NOSTRA_STD_version14.1\TR_PLUS\ThaiRoadPlus.gdb\LANDMARK,PLUS_GLOV,-1,-1;PLUS_COM 'PLUS_COM' true true false 2 Short 0 0 ,First,#,D:\01_NOSTRA_Standard\NOSTRA_STD_version14.1\TR_PLUS\ThaiRoadPlus.gdb\LANDMARK,PLUS_COM,-1,-1;PLUS_SUB 'PLUS_SUB' true true false 2 Short 0 0 ,First,#,D:\01_NOSTRA_Standard\NOSTRA_STD_version14.1\TR_PLUS\ThaiRoadPlus.gdb\LANDMARK,PLUS_SUB,-1,-1;MARK 'MARK' true true false 2 Short 0 0 ,First,#,D:\01_NOSTRA_Standard\NOSTRA_STD_version14.1\TR_PLUS\ThaiRoadPlus.gdb\LANDMARK,MARK,-1,-1;POINT_X 'POINT_X' true true false 8 Double 0 0 ,First,#,D:\01_NOSTRA_Standard\NOSTRA_STD_version14.1\TR_PLUS\ThaiRoadPlus.gdb\LANDMARK,POINT_X,-1,-1;POINT_Y 'POINT_Y' true true false 8 Double 0 0 ,First,#,D:\01_NOSTRA_Standard\NOSTRA_STD_version14.1\TR_PLUS\ThaiRoadPlus.gdb\LANDMARK,POINT_Y,-1,-1;tam_mix 'tam_mix' true true false 6 Text 0 0 ,First,#,D:\01_NOSTRA_Standard\NOSTRA_STD_version14.1\TR_PLUS\ThaiRoadPlus.gdb\LANDMARK,tam_mix,-1,-1;BANK1 'BANK1' true true false 2 Short 0 0 ,First,#,D:\01_NOSTRA_Standard\NOSTRA_STD_version14.1\TR_PLUS\ThaiRoadPlus.gdb\LANDMARK,BANK1,-1,-1;ONCB 'ONCB' true true false 2 Short 0 0 ,First,#,D:\01_NOSTRA_Standard\NOSTRA_STD_version14.1\TR_PLUS\ThaiRoadPlus.gdb\LANDMARK,ONCB,-1,-1;DTAC 'DTAC' true true false 2 Short 0 0 ,First,#,D:\01_NOSTRA_Standard\NOSTRA_STD_version14.1\TR_PLUS\ThaiRoadPlus.gdb\LANDMARK,DTAC,-1,-1;TEL 'TEL' true true false 20 Text 0 0 ,First,#,D:\01_NOSTRA_Standard\NOSTRA_STD_version14.1\TR_PLUS\ThaiRoadPlus.gdb\LDM_ADD_DEPARTMENT,TEL,-1,-1"</Process><Process ToolSource="c:\program files (x86)\arcgis\desktop10.2\ArcToolbox\Toolboxes\Analysis Tools.tbx\Intersect" Date="20151015" Time="105554" Name="" export="">Intersect "D:\UrbanZone\Update_New\Project\L08_Landmark_ESRI_25k_Yxxxx.shp #;D:\base_TM\L05_Tambon_GISTDA_50k_Y2013_x.shp #" "D:\UrbanZone\Update_New\intersect\ L08_Landmark_ESRI_25k_Yxxxx.shp" ALL # INPUT</Process></lineage><itemProps><itemLocation><linkage Sync="TRUE">file://\\172.27.120.1\Bigtank2\datawarehouse\L08_UrbanZone\base\L08_Landmark_GISTDA_25k.shp</linkage><protocol Sync="TRUE">Local Area Network</protocol></itemLocation><itemName Sync="TRUE">L08_Landmark_GISTDA_25k</itemName><imsContentType Sync="TRUE">002</imsContentType><nativeExtBox><westBL Sync="TRUE">97.402257</westBL><eastBL Sync="TRUE">105.633435</eastBL><southBL Sync="TRUE">5.675236</southBL><northBL Sync="TRUE">20.443822</northBL><exTypeCode Sync="TRUE">1</exTypeCode></nativeExtBox><itemSize Sync="TRUE">3.542</itemSize></itemProps><copyHistory><copy source="W:\L08_UrbanZone\base\L08_Landmark_GISTDA_25k_Y2012" dest="\\172.27.120.1\bigtank2\datawarehouse\L08_UrbanZone\base\L08_Landmark_GISTDA_25k_Y2012Copy" date="20160831" time="13334500"/></copyHistory><coordRef><type Sync="TRUE">Geographic</type><geogcsn Sync="TRUE">GCS_WGS_1984</geogcsn><csUnits Sync="TRUE">Angular Unit: Degree (0.017453)</csUnits><peXml Sync="TRUE">&lt;GeographicCoordinateSystem xsi:type='typens:GeographicCoordinateSystem' xmlns:xsi='http://www.w3.org/2001/XMLSchema-instance' xmlns:xs='http://www.w3.org/2001/XMLSchema' xmlns:typens='http://www.esri.com/schemas/ArcGIS/10.3'&gt;&lt;WKT&gt;GEOGCS[&amp;quot;GCS_WGS_1984&amp;quot;,DATUM[&amp;quot;D_WGS_1984&amp;quot;,SPHEROID[&amp;quot;WGS_1984&amp;quot;,6378137.0,298.257223563]],PRIMEM[&amp;quot;Greenwich&amp;quot;,0.0],UNIT[&amp;quot;Degree&amp;quot;,0.0174532925199433],AUTHORITY[&amp;quot;EPSG&amp;quot;,4326]]&lt;/WKT&gt;&lt;XOrigin&gt;-400&lt;/XOrigin&gt;&lt;YOrigin&gt;-400&lt;/YOrigin&gt;&lt;XYScale&gt;11258999068426.238&lt;/XYScale&gt;&lt;ZOrigin&gt;-100000&lt;/ZOrigin&gt;&lt;ZScale&gt;10000&lt;/ZScale&gt;&lt;MOrigin&gt;-100000&lt;/MOrigin&gt;&lt;MScale&gt;10000&lt;/MScale&gt;&lt;XYTolerance&gt;8.983152841195215e-009&lt;/XYTolerance&gt;&lt;ZTolerance&gt;0.001&lt;/ZTolerance&gt;&lt;MTolerance&gt;0.001&lt;/MTolerance&gt;&lt;HighPrecision&gt;true&lt;/HighPrecision&gt;&lt;LeftLongitude&gt;-180&lt;/LeftLongitude&gt;&lt;WKID&gt;4326&lt;/WKID&gt;&lt;LatestWKID&gt;4326&lt;/LatestWKID&gt;&lt;/GeographicCoordinateSystem&gt;</peXml></coordRef></DataProperties><ArcGISFormat>1.0</ArcGISFormat><ArcGISstyle>North American Profile of ISO19115 2003</ArcGISstyle><scaleRange><minScale>150000000</minScale><maxScale>5000</maxScale></scaleRange><ArcGISProfile>NAP</ArcGISProfile></Esri><idinfo><native Sync="TRUE">Microsoft Windows XP Version 5.1 (Build 2600) Service Pack 3; ESRI ArcCatalog 9.3.1.3000</native><descript><langdata>ภาษาไทย</langdata><abstract>ตำแหน่งสถานที่สำคัญ มาตราส่วน 1 ต่อ 25,000</abstract><purpose>ปรับปรุงข้อมูลตำแหน่งสถานที่สำคัญ เพื่อใช้ในภารกิจของสำนักงานพัฒนาเทคโนโลยีอวกาศและภูมิสารสนเทศ (องค์การมหาชน)</purpose></descript><citation><citeinfo><origin>ฝ่ายเศรษฐกิจ สำนักประขุกต์และบริการภูมิสารสนเทศ</origin><title>ตำแหน่งสถานที่สำคัญ ปี2555</title><ftname Sync="TRUE">Landmark</ftname><geoform Sync="TRUE">vector digital data</geoform><onlink Sync="TRUE">\\HP\D$\NOSTRA\Data.gdb</onlink></citeinfo></citation><timeperd><current>REQUIRED: The basis on which the time period of content information is determined.</current><timeinfo><sngdate><caldate>REQUIRED: The year (and optionally month, or month and day) for which the data set corresponds to the ground.</caldate></sngdate></timeinfo></timeperd><status><progress>Complete</progress><update>Unknown</update></status><spdom><bounding><westbc>97.402257</westbc><eastbc>105.633435</eastbc><northbc>20.443822</northbc><southbc>5.675236</southbc></bounding><lboundng><leftbc Sync="TRUE">349962.601800</leftbc><rightbc Sync="TRUE">1212396.653700</rightbc><bottombc Sync="TRUE">631699.391900</bottombc><topbc Sync="TRUE">2261125.272400</topbc></lboundng></spdom><keywords><theme><themekt>REQUIRED: Reference to a formally registered thesaurus or a similar authoritative source of theme keywords.</themekt><themekey>ตำแหน่งสถานที่สำคัญ</themekey><themekey>Landmark</themekey></theme></keywords><accconst>ลิขสิทธิ์(Copyright)</accconst><useconst>ลิขสิทธิ์(Copyright)</useconst><natvform Sync="TRUE">File Geodatabase Feature Class</natvform><ptcontac><cntinfo><cntorgp><cntorg>ฝ่ายเศรษฐกิจ สำนักประขุกต์และบริการภูมิสารสนเทศ</cntorg></cntorgp></cntinfo></ptcontac><datacred>สำนักงานพัฒนาเทคโนโลยีอวกาศและภูมิสารสนเทศ(องค์การมหาชน)</datacred><secinfo><secclass>Unclassified</secclass><sechandl>ห้ามคัดลอกหรือเผยแพร่นอกจากจะได้รับการอนุญาตจากหน่วยงานที่ให้บริการ และอ้างอิงถึงแหล่งข้อมูลด้วย</sechandl></secinfo></idinfo><dataIdInfo><envirDesc Sync="TRUE"> Version 6.2 (Build 9200) ; Esri ArcGIS 10.3.0.4322</envirDesc><dataLang><languageCode Sync="TRUE" value="tha"/><countryCode value="THA" Sync="TRUE"/></dataLang><idCitation xmlns=""><resTitle Sync="FALSE">ตำแหน่งสถานที่สำคัญ</resTitle><presForm xmlns=""><PresFormCd Sync="TRUE" value="005"/><fgdcGeoform>vector digital data</fgdcGeoform></presForm><resEdDate>20071130</resEdDate><resRefDate><refDate>20071130</refDate><refDateType><DateTypCd value="001"/></refDateType></resRefDate><citRespParty><rpIndName>Namthip Maneenil</rpIndName><rpOrgName>GIS DATA CO.,LTD</rpOrgName><rpPosName>PRODUCT SUPPORT 2</rpPosName><role><RoleCd value="003"/></role><rpCntInfo><cntAddress><delPoint>1400  Floor1,  Rama IV Rd.</delPoint><city>Bangkok</city><postCode>10110</postCode><eMailAdd>namthip.m@cdg.co.th</eMailAdd><country>th</country></cntAddress><cntPhone><voiceNum>02-671-9229 Ext.284</voiceNum><faxNum>02-671-9232</faxNum></cntPhone></rpCntInfo></citRespParty><resRefDate><refDate>20111201</refDate><refDateType><DateTypCd value="002"/></refDateType></resRefDate><resAltTitle>ตำแหน่งสถานที่สำคัญ</resAltTitle><resAltTitle>Point of interest</resAltTitle><resAltTitle>landmark</resAltTitle><date><createDate>2015-10-15T00:00:00</createDate></date></idCitation><spatRpType><SpatRepTypCd Sync="TRUE" value="001"/></spatRpType><dataExt xmlns=""><geoEle><GeoBndBox esriExtentType="native"><westBL Sync="TRUE">349962.6018</westBL><eastBL Sync="TRUE">1212396.6537</eastBL><northBL Sync="TRUE">2261125.2724</northBL><southBL Sync="TRUE">631699.3919</southBL><exTypeCode Sync="TRUE">1</exTypeCode></GeoBndBox></geoEle></dataExt><geoBox esriExtentType="decdegrees"><westBL Sync="TRUE">97.561731</westBL><eastBL Sync="TRUE">105.811741</eastBL><northBL Sync="TRUE">20.448606</northBL><southBL Sync="TRUE">5.679148</southBL><exTypeCode Sync="TRUE">1</exTypeCode></geoBox><dataExt xmlns=""><geoEle xmlns=""><GeoBndBox esriExtentType="search"><exTypeCode Sync="TRUE">1</exTypeCode><westBL Sync="TRUE">97.402257</westBL><eastBL Sync="TRUE">105.633435</eastBL><northBL Sync="TRUE">20.443822</northBL><southBL Sync="TRUE">5.675236</southBL></GeoBndBox></geoEle></dataExt><idCredit>สำนักงานพัฒนาเทคโนโลยีอวกาศและภูมิสารสนเทศ(องค์การมหาชน)</idCredit><searchKeys><keyword>Landmark</keyword><keyword>สถานที่สำคัญ</keyword><keyword>GISTDA</keyword><keyword>สทอภ.</keyword></searchKeys><idAbs>&lt;DIV STYLE="text-align:Left;"&gt;&lt;DIV&gt;&lt;DIV&gt;&lt;P&gt;&lt;SPAN&gt;ตำแหน่งสถานที่สำคัญ มาตราส่วน 1 &lt;/SPAN&gt;&lt;SPAN&gt;ต่อ &lt;/SPAN&gt;&lt;SPAN&gt;25,000&lt;/SPAN&gt;&lt;/P&gt;&lt;/DIV&gt;&lt;/DIV&gt;&lt;/DIV&gt;</idAbs><idPurp>ปรับปรุงข้อมูลตำแหน่งสถานที่สำคัญ เพื่อใช้ในภารกิจของสำนักงานพัฒนาเทคโนโลยีอวกาศและภูมิสารสนเทศ (องค์การมหาชน)</idPurp><tpCat><TopicCatCd value="005"/></tpCat><tpCat><TopicCatCd value="019"/></tpCat></dataIdInfo><metainfo><langmeta>thai</langmeta><metstdn Sync="TRUE">FGDC Content Standards for Digital Geospatial Metadata</metstdn><metstdv Sync="TRUE">FGDC-STD-001-1998</metstdv><mettc Sync="TRUE">local time</mettc><metc><cntinfo><cntorgp><cntper>นางสาว กรรณิการ์  คุ้มวงษ์ </cntper><cntorg>ฝ่ายฐานข้อมูลภูมิสารสนเทศ ศูนย์พัฒนาผลิตภัณฑ์ข้อมูลดาวเทียม</cntorg></cntorgp><cntaddr><addrtype>physical address</addrtype><city>หลักสี่</city><state>กรุงเทพฯ</state><postal>REQU10210</postal><address>ศูนย์ราชการแจ้งวัฒนะ อาคารB ชั้น 6-7 ถ.แจ้งวัฒนะ แขวงทุ่งสองห้อง เขตหลักสี่  กรุงเทพ 10210</address><country>ประเทศไทย</country></cntaddr><cntvoice>+66 (0) 2 -141-4413</cntvoice><cntfax>+66 (0) 2 -143-5994</cntfax><cntemail>kan_gis@yahoo.com</cntemail><cnttdd>+66 (0) 2 -141-4413</cnttdd><cntpos>หัวหน้าฝ่ายฐานข้อมูลภูมิสารสนเทศ</cntpos><hours>8:30 - 16:30</hours><cntinst>
Please make appointment</cntinst></cntinfo></metc><metd>20151022</metd><metac>เนื่องจากข้อมูลถูกจัดเก็บอยู่ในรูปแบบของ Vector Digital Data การนำข้อมูลไปใช้ ให้ใช้โปรแกรมด้านภูมิสารสนเทศในการประมวลผล</metac><metuc>สามารถคัดลอกข้อมูลได้แต่ต้องอ้างอิงแหล่งที่มาของข้อมูล</metuc><metsi><metsc>Unclassified</metsc></metsi></metainfo><mdLang><languageCode Sync="FALSE" value="tha"/><countryCode value="THA" Sync="TRUE"/></mdLang><mdStanName Sync="TRUE">ISO 19115 Geographic Information - Metadata</mdStanName><mdStanVer Sync="TRUE">DIS_ESRI1.0</mdStanVer><mdChar><CharSetCd Sync="TRUE" value="004"/></mdChar><mdHrLv><ScopeCd Sync="FALSE" value="002"/></mdHrLv><mdHrLvName Sync="TRUE">dataset</mdHrLvName><distinfo><resdesc Sync="TRUE">Downloadable Data</resdesc><stdorder><digform><digtinfo><transize Sync="TRUE">15.345</transize><dssize Sync="TRUE">15.345</dssize></digtinfo></digform><fees>ไม่เสียค่าธรรมเนียม</fees><ordering>คำแนะนำในการใช้บริการ นำ CD-ROM มาด้วย</ordering><turnarnd>8.30-16.30</turnarnd></stdorder><distrib><cntinfo><cntorgp><cntorg>ฝ่ายบริการผลิตภัณฑ์ สำนักประยุกต์และบริการภูมิสารสนเทศ</cntorg><cntper>นางสาวลีลาวรรณ สุเทพารักษ์</cntper></cntorgp><cntpos>หัวหน้าฝ่ายบริการข้อมูล</cntpos><cntaddr><addrtype>physical address</addrtype><address>ศูนย์ราชการแจ้งวัฒนะ อาคารB ชั้น 6-7 ถ.แจ้งวัฒนะ แขวงทุ่งสองห้อง เขตหลักสี่ หลักสี่ กรุงเทพมหานคร 10210</address><city>หลักสี่</city><state>กรุงเทพมหานคร</state><postal>10210</postal><country>ไทย</country></cntaddr><cntvoice>021474559</cntvoice><cntemail>leelawan@gistda.or.th</cntemail></cntinfo></distrib><custom>ติดต่อฝ่ายบริการผลิตภัณฑ์</custom></distinfo><distInfo xmlns=""><distributor xmlns=""><distorTran><onLineSrc><orDesc Sync="TRUE">002</orDesc><linkage>http://www.esri.com</linkage><protocol Sync="TRUE">Local Area Network</protocol></onLineSrc><transSize Sync="TRUE">15.345</transSize><offLineMed><medName><MedNameCd value="002"/></medName></offLineMed></distorTran><distorFormat><formatName Sync="TRUE">File Geodatabase Feature Class</formatName><formatVer>14.1</formatVer></distorFormat><distorCont><rpIndName>Wasana Wajapattana</rpIndName><rpOrgName>ESRI(Thailand) Co.,Ltd.</rpOrgName><rpPosName>Data Operation Manager
</rpPosName><rpCntInfo><cntAddress><delPoint>100/38-39 Floor 22th, North Sathorn Rd.</delPoint><city>Bangkok
</city><postCode>10500</postCode><eMailAdd>wasana.w@cdg.co.th</eMailAdd><country>th</country></cntAddress><cntPhone><voiceNum>02-636-8421 Ext. 329
</voiceNum><faxNum>02-266-9944
</faxNum></cntPhone></rpCntInfo><role><RoleCd value="005"/></role></distorCont></distributor><distFormat xmlns=""><formatName Sync="TRUE">Shapefile</formatName><formatVer>-</formatVer></distFormat><distTranOps xmlns=""><transSize Sync="TRUE">3.542</transSize></distTranOps></distInfo><spdoinfo><direct Sync="TRUE">Vector</direct><ptvctinf><esriterm Name="L08_Landmark_GISTDA_25k"><efeatyp Sync="TRUE">Simple</efeatyp><efeageom code="1" Sync="TRUE"></efeageom><esritopo Sync="TRUE">FALSE</esritopo><efeacnt Sync="TRUE">132628</efeacnt><spindex Sync="TRUE">TRUE</spindex><linrefer Sync="TRUE">FALSE</linrefer></esriterm></ptvctinf></spdoinfo><spref><horizsys><cordsysn><geogcsn Sync="TRUE">GCS_WGS_1984</geogcsn><projcsn Sync="TRUE">WGS_1984_UTM_Zone_47N</projcsn></cordsysn><geodetic><horizdn Sync="TRUE">D_WGS_1984</horizdn><ellips Sync="TRUE">WGS_1984</ellips><semiaxis Sync="TRUE">6378137.000000</semiaxis><denflat Sync="TRUE">298.257224</denflat></geodetic></horizsys><vertdef><altsys><altenc Sync="TRUE">Explicit elevation coordinate included with horizontal coordinates</altenc><altres Sync="TRUE">0.000100</altres></altsys></vertdef></spref><refSysInfo><RefSystem dimension="horizontal"><refSysID xmlns=""><identCode Sync="TRUE" code="4326">WGS_1984_UTM_Zone_47N</identCode><idCodeSpace Sync="TRUE">EPSG</idCodeSpace><idVersion Sync="TRUE">8.2.6</idVersion></refSysID></RefSystem></refSysInfo><spatRepInfo><VectSpatRep><geometObjs Name="L08_Landmark_GISTDA_25k"><geoObjTyp><GeoObjTypCd value="004" Sync="TRUE"></GeoObjTypCd></geoObjTyp><geoObjCnt Sync="TRUE">132628</geoObjCnt></geometObjs><topLvl><TopoLevCd value="001" Sync="TRUE"></TopoLevCd></topLvl></VectSpatRep></spatRepInfo><eainfo><detailed Name="L08_Landmark_GISTDA_25k"><attr><attrlabl Sync="TRUE">Shape</attrlabl><attalias Sync="TRUE">TAMBON_T</attalias><attrtype Sync="TRUE">String</attrtype><attwidth Sync="TRUE">50</attwidth><attrdef Sync="TRUE">Feature geometry.</attrdef><attrdefs Sync="TRUE">ESRI</attrdefs><attrdomv><udom Sync="TRUE">Coordinates defining the features.</udom></attrdomv><atprecis Sync="TRUE">0</atprecis><attscale Sync="TRUE">0</attscale></attr><attr><attrlabl Sync="TRUE">OBJECTID</attrlabl><attalias Sync="TRUE">FID</attalias><attrtype Sync="TRUE">OID</attrtype><attwidth Sync="TRUE">4</attwidth><atprecis Sync="TRUE">0</atprecis><attscale Sync="TRUE">0</attscale><attrdef Sync="TRUE">Internal feature number.</attrdef><attrdefs Sync="TRUE">ESRI</attrdefs><attrdomv><udom Sync="TRUE">Sequential unique whole numbers that are automatically generated.</udom></attrdomv></attr><attr><attrlabl Sync="TRUE">TAMBON_T</attrlabl><attalias Sync="TRUE">TAMBON_E</attalias><attrtype Sync="TRUE">String</attrtype><attwidth Sync="TRUE">50</attwidth><atprecis Sync="TRUE">0</atprecis><attscale Sync="TRUE">0</attscale><attrdef Sync="TRUE">Internal feature number.</attrdef><attrdefs Sync="TRUE">Esri</attrdefs><attrdomv><udom Sync="TRUE">Sequential unique whole numbers that are automatically generated.</udom></attrdomv></attr><attr><attrlabl Sync="TRUE">TAMBON_E</attrlabl><attalias Sync="TRUE">AMPHOE_T</attalias><attrtype Sync="TRUE">String</attrtype><attwidth Sync="TRUE">50</attwidth><atprecis Sync="TRUE">0</atprecis><attscale Sync="TRUE">0</attscale><attrdef Sync="TRUE">Internal feature number.</attrdef><attrdefs Sync="TRUE">Esri</attrdefs><attrdomv><udom Sync="TRUE">Sequential unique whole numbers that are automatically generated.</udom></attrdomv></attr><attr><attrlabl Sync="TRUE">AMPHOE_T</attrlabl><attalias Sync="TRUE">AMPHOE_E</attalias><attrtype Sync="TRUE">String</attrtype><attwidth Sync="TRUE">50</attwidth><atprecis Sync="TRUE">0</atprecis><attscale Sync="TRUE">0</attscale><attrdef Sync="TRUE">Internal feature number.</attrdef><attrdefs Sync="TRUE">Esri</attrdefs><attrdomv><udom Sync="TRUE">Sequential unique whole numbers that are automatically generated.</udom></attrdomv></attr><attr><attrlabl Sync="TRUE">AMPHOE_E</attrlabl><attalias Sync="TRUE">CHANGWAT_T</attalias><attrtype Sync="TRUE">String</attrtype><attwidth Sync="TRUE">50</attwidth><atprecis Sync="TRUE">0</atprecis><attscale Sync="TRUE">0</attscale><attrdef Sync="TRUE">Internal feature number.</attrdef><attrdefs Sync="TRUE">Esri</attrdefs><attrdomv><udom Sync="TRUE">Sequential unique whole numbers that are automatically generated.</udom></attrdomv></attr><attr><attrlabl Sync="TRUE">CHANGWAT_T</attrlabl><attalias Sync="TRUE">CHANGWAT_E</attalias><attrtype Sync="TRUE">String</attrtype><attwidth Sync="TRUE">50</attwidth><atprecis Sync="TRUE">0</atprecis><attscale Sync="TRUE">0</attscale><attrdef Sync="TRUE">Internal feature number.</attrdef><attrdefs Sync="TRUE">Esri</attrdefs><attrdomv><udom Sync="TRUE">Sequential unique whole numbers that are automatically generated.</udom></attrdomv></attr><attr><attrlabl Sync="TRUE">CHANGWAT_E</attrlabl><attalias Sync="TRUE">TA_ID</attalias><attrtype Sync="TRUE">Integer</attrtype><attwidth Sync="TRUE">6</attwidth><atprecis Sync="TRUE">6</atprecis><attscale Sync="TRUE">0</attscale><attrdef Sync="TRUE">Internal feature number.</attrdef><attrdefs Sync="TRUE">Esri</attrdefs><attrdomv><udom Sync="TRUE">Sequential unique whole numbers that are automatically generated.</udom></attrdomv></attr><attr><attrlabl Sync="TRUE">TA_ID</attrlabl><attalias Sync="TRUE">RE_NESDB</attalias><attrtype Sync="TRUE">String</attrtype><attwidth Sync="TRUE">50</attwidth><atprecis Sync="TRUE">0</atprecis><attscale Sync="TRUE">0</attscale><attrdef Sync="TRUE">Internal feature number.</attrdef><attrdefs Sync="TRUE">Esri</attrdefs><attrdomv><udom Sync="TRUE">Sequential unique whole numbers that are automatically generated.</udom></attrdomv></attr><attr><attrlabl Sync="TRUE">RE_NESDB</attrlabl><attalias Sync="TRUE">LM_group</attalias><attrtype Sync="TRUE">SmallInteger</attrtype><attwidth Sync="TRUE">4</attwidth><atprecis Sync="TRUE">4</atprecis><attscale Sync="TRUE">0</attscale><attrdef Sync="TRUE">Internal feature number.</attrdef><attrdefs Sync="TRUE">Esri</attrdefs><attrdomv><udom Sync="TRUE">Sequential unique whole numbers that are automatically generated.</udom></attrdomv></attr><attr><attrlabl Sync="TRUE">LM_group</attrlabl><attalias Sync="TRUE">LM_type</attalias><attrtype Sync="TRUE">String</attrtype><attwidth Sync="TRUE">10</attwidth><atprecis Sync="TRUE">0</atprecis><attscale Sync="TRUE">0</attscale><attrdef Sync="TRUE">Internal feature number.</attrdef><attrdefs Sync="TRUE">Esri</attrdefs><attrdomv><udom Sync="TRUE">Sequential unique whole numbers that are automatically generated.</udom></attrdomv></attr><attr><attrlabl Sync="TRUE">LM_type</attrlabl><attalias Sync="TRUE">Name_T</attalias><attrtype Sync="TRUE">String</attrtype><attwidth Sync="TRUE">100</attwidth><atprecis Sync="TRUE">0</atprecis><attscale Sync="TRUE">0</attscale><attrdef Sync="TRUE">Internal feature number.</attrdef><attrdefs Sync="TRUE">Esri</attrdefs><attrdomv><udom Sync="TRUE">Sequential unique whole numbers that are automatically generated.</udom></attrdomv></attr><attr><attrlabl Sync="TRUE">Name_T</attrlabl><attalias Sync="TRUE">Name_E</attalias><attrtype Sync="TRUE">String</attrtype><attwidth Sync="TRUE">100</attwidth><atprecis Sync="TRUE">0</atprecis><attscale Sync="TRUE">0</attscale><attrdef Sync="TRUE">Internal feature number.</attrdef><attrdefs Sync="TRUE">Esri</attrdefs><attrdomv><udom Sync="TRUE">Sequential unique whole numbers that are automatically generated.</udom></attrdomv></attr><attr><attrlabl Sync="TRUE">Name_E</attrlabl><attalias Sync="TRUE">Scale</attalias><attrtype Sync="TRUE">String</attrtype><attwidth Sync="TRUE">10</attwidth><atprecis Sync="TRUE">0</atprecis><attscale Sync="TRUE">0</attscale><attrdef Sync="TRUE">Internal feature number.</attrdef><attrdefs Sync="TRUE">Esri</attrdefs><attrdomv><udom Sync="TRUE">Sequential unique whole numbers that are automatically generated.</udom></attrdomv></attr><attr><attrlabl Sync="TRUE">Scale</attrlabl><attalias Sync="TRUE">Source_nam</attalias><attrtype Sync="TRUE">String</attrtype><attwidth Sync="TRUE">10</attwidth><atprecis Sync="TRUE">0</atprecis><attscale Sync="TRUE">0</attscale><attrdef Sync="TRUE">Internal feature number.</attrdef><attrdefs Sync="TRUE">Esri</attrdefs><attrdomv><udom Sync="TRUE">Sequential unique whole numbers that are automatically generated.</udom></attrdomv></attr><attr><attrlabl Sync="TRUE">Source_nam</attrlabl><attalias Sync="TRUE">Source_dat</attalias><attrtype Sync="TRUE">Date</attrtype><attwidth Sync="TRUE">8</attwidth><atprecis Sync="TRUE">0</atprecis><attscale Sync="TRUE">0</attscale><attrdef Sync="TRUE">Internal feature number.</attrdef><attrdefs Sync="TRUE">Esri</attrdefs><attrdomv><udom Sync="TRUE">Sequential unique whole numbers that are automatically generated.</udom></attrdomv></attr><attr><attrlabl Sync="TRUE">Source_dat</attrlabl><attalias Sync="TRUE">RE_ROYIN</attalias><attrtype Sync="TRUE">String</attrtype><attwidth Sync="TRUE">50</attwidth><atprecis Sync="TRUE">0</atprecis><attscale Sync="TRUE">0</attscale><attrdef Sync="TRUE">Internal feature number.</attrdef><attrdefs Sync="TRUE">Esri</attrdefs><attrdomv><udom Sync="TRUE">Sequential unique whole numbers that are automatically generated.</udom></attrdomv></attr><attr><attrlabl Sync="TRUE">RE_ROYIN</attrlabl><attalias Sync="TRUE">Shape</attalias><attrtype Sync="TRUE">Geometry</attrtype><attwidth Sync="TRUE">0</attwidth><atprecis Sync="TRUE">0</atprecis><attscale Sync="TRUE">0</attscale><attrdef Sync="TRUE">Internal feature number.</attrdef><attrdefs Sync="TRUE">Esri</attrdefs><attrdomv><udom Sync="TRUE">Sequential unique whole numbers that are automatically generated.</udom></attrdomv></attr><attr><attrlabl Sync="TRUE">SHAPE</attrlabl><attalias Sync="TRUE">OBJECTID</attalias><attrtype Sync="TRUE">Integer</attrtype><attwidth Sync="TRUE">9</attwidth><atprecis Sync="TRUE">9</atprecis><attscale Sync="TRUE">0</attscale><attrdef Sync="TRUE">Feature geometry.</attrdef><attrdefs Sync="TRUE">ESRI</attrdefs><attrdomv><udom Sync="TRUE">Coordinates defining the features.</udom></attrdomv></attr><enttyp><enttypl>L08_Landmark_GISTDA_25k.shp</enttypl><enttypt Sync="TRUE">Feature Class</enttypt><enttypc Sync="TRUE">132628</enttypc><enttypd>ตำแหน่งสถานที่สำคัญ ปี 2555</enttypd><enttypds>ฝ่ายเศรษฐกิจ สำนักประขุกต์และบริการภูมิสารสนเทศ</enttypds></enttyp></detailed></eainfo><mdDateSt Sync="TRUE">20170206</mdDateSt><mdContact><rpIndName>Namthip Maneenil</rpIndName><rpOrgName>GIS DATA CO.,LTD</rpOrgName><rpPosName>PRODUCT SUPPORT 2</rpPosName><rpCntInfo><cntAddress><delPoint>1400  Floor1,  Rama IV Rd.</delPoint><city>Bangkok</city><postCode>10110</postCode><eMailAdd>namthip.m@cdg.co.th</eMailAdd><country>th</country></cntAddress><cntPhone><voiceNum>02-671-9229 Ext.284</voiceNum><faxNum>02-671-9232</faxNum></cntPhone></rpCntInfo><role><RoleCd value="003"/></role></mdContact><dqInfo><dataLineage><statement>1. นำเข้าข้อมูลตำแหน่งโดยการสำรวจภาคสนาม และข้อมูลเชิงบรรยายนำเข้าจากป้ายที่ปรากฎ
2.ความถูกต้องที่มาตราส่วน 1 : 4000 โดยตรวจสอบจาก GPS และแผนที่ภาพถ่ายทางอากาศ
3.การตรวจสอบข้อมูลเชิงตัวเลขโดยการตรวจเช็คดังนี้
    3.1 ตรวจสอบการ code attribute ตรงตามเงื่อนไข 
    3.2 ตรวจตำแหน่งที่ซ้อนทับกัน
    3.3 ตรวจสอบชื่อให้มีรูปแบบการจัดเก็บแบบเดียวกัน</statement></dataLineage><dqScope><scpLvl><ScopeCd value="005"/></scpLvl></dqScope></dqInfo><dataqual><lineage><procstep><srcused Sync="TRUE">D:\ArcData_STD\2008_1\Final_301107\Metadata\admin_poly.xml</srcused><date Sync="TRUE">20071208</date><time Sync="TRUE">18241600</time></procstep><procstep><procdesc Sync="TRUE">Metadata imported.</procdesc><srcused Sync="TRUE">D:\ArcData_STD\2008_1\Final_301107\Metadata\admin_line.xml</srcused><date Sync="TRUE">20071208</date><time Sync="TRUE">18505800</time></procstep><procstep><procdesc Sync="TRUE">Metadata imported.</procdesc><srcused Sync="TRUE">D:\ArcData_STD\2008_1\Final_301107\Metadata\l_trans.xml</srcused><date Sync="TRUE">20071208</date><time Sync="TRUE">19080900</time></procstep><procstep><procdesc Sync="TRUE">Metadata imported.</procdesc><srcused Sync="TRUE">D:\ArcData_STD\Product_Send_TM\2008_1\Standard\Metadata\landmark.xml</srcused><date Sync="TRUE">20080506</date><time Sync="TRUE">19170100</time></procstep><procstep><procdesc Sync="TRUE">Metadata imported.</procdesc><srcused Sync="TRUE">D:\ArcData_STD\2008_2\Final_2-2008\Metadata\TR_Plus\landmark.xml</srcused><date Sync="TRUE">20080602</date><time Sync="TRUE">12445000</time></procstep><procstep><procdesc Sync="TRUE">Metadata imported.</procdesc><srcused Sync="TRUE">M:\STD_20091\landmark.xml</srcused><date Sync="TRUE">20081103</date><time Sync="TRUE">11055100</time></procstep><procstep><procdesc Sync="TRUE">Metadata imported.</procdesc><srcused Sync="TRUE">M:\STD_20091\Metadata\GBKK\landmark.xml</srcused><date Sync="TRUE">20081103</date><time Sync="TRUE">11182100</time></procstep><procstep><procdesc Sync="TRUE">Metadata imported.</procdesc><srcused Sync="TRUE">D:\ArcData_Project\2009-1\Metadata\TR_Plus\landmark.xml</srcused><date Sync="TRUE">20090107</date><time Sync="TRUE">10545900</time></procstep><procstep><procdesc Sync="TRUE">Metadata imported.</procdesc><srcused Sync="TRUE">Y:\Final\Metadata\TR_Plus\landmark.xml</srcused><date Sync="TRUE">20090225</date><time Sync="TRUE">13182400</time></procstep><procstep><procdesc Sync="TRUE">Metadata imported.</procdesc><srcused Sync="TRUE">E:\ArcData_Standard_11_2\Metadata_template_v11_2\landmark.xml</srcused><date Sync="TRUE">20090608</date><time Sync="TRUE">19265500</time></procstep><procstep><procdesc Sync="TRUE">Dataset copied.</procdesc><srcused Sync="TRUE"/><date Sync="TRUE">20090608</date><time Sync="TRUE">19294400</time></procstep><procstep><procdesc Sync="TRUE">Metadata imported.</procdesc><srcused Sync="TRUE">D:\users\03DATA_Inprocess\Template_metadata_v12.1\landmark.xml</srcused><date Sync="TRUE">20091130</date><time Sync="TRUE">16415500</time></procstep><procstep><procdesc Sync="TRUE">Metadata imported.</procdesc><srcused Sync="TRUE">F:\ArcData_STD_Package\10ArcData_Standard_V12.2(010653)\Metadata\TR_Plus\landmark.xml</srcused><date Sync="TRUE">20100517</date><time Sync="TRUE">10313100</time></procstep><procstep><procdesc Sync="TRUE">Metadata imported.</procdesc><srcused Sync="TRUE">F:\ArcData_STD_Package\10ArcData_Standard_V12.2\Sent_GEO_Final\Metadata_v12.2\TR_Plus\LANDMARK.xml</srcused><date Sync="TRUE">20100610</date><time Sync="TRUE">14053500</time></procstep><procstep><procdesc Sync="TRUE">Metadata imported.</procdesc><srcused Sync="TRUE">Y:\ArcData_Standard_12_2_ส่งTM\Final_050753\Metadata\TR_Plus\LANDMARK.xml</srcused><date Sync="TRUE">20100804</date><time Sync="TRUE">16035700</time></procstep><procstep><procdesc Sync="TRUE">Metadata imported.</procdesc><srcused Sync="TRUE">D:\std_package\tempArcData\Metadata_13_1\LANDMARK.xml</srcused><date Sync="TRUE">20110405</date><time Sync="TRUE">17032000</time></procstep><procstep><procdesc Sync="TRUE">Dataset copied.</procdesc><srcused Sync="TRUE">\\PC00079\01_Data\Package_13_2_(120554)_pc894\Admin_Muni_landmark\ThaiRoadPlus.gdb</srcused><date Sync="TRUE">20110516</date><time Sync="TRUE">09220700</time></procstep><procstep><procdesc Sync="TRUE">Dataset copied.</procdesc><srcused Sync="TRUE">\\pcgis898\f$\ArcData_Inhouse2011\Package_13_2_Inprocess\Data_LDM&amp;SUB\ThaiRoadPlus.gdb</srcused><date Sync="TRUE">20110516</date><time Sync="TRUE">16101700</time></procstep><procstep><procdesc Sync="TRUE">Metadata imported.</procdesc><srcused Sync="TRUE">D:\users\01ArcData_STD_Package\16ArcData_Standard_V13.2\Sent_Final\Metadata\TR_Plus\LANDMARK.xml</srcused><date Sync="TRUE">20110616</date><time Sync="TRUE">13294500</time></procstep><procstep><procdesc Sync="TRUE">Dataset copied.</procdesc><srcused Sync="TRUE">\\pcgis898\f$\ArcData_Inhouse2011\Package_14_1_Inprocess\Package\Data_111154_landmark\ThaiRoadPlus.gdb</srcused><date Sync="TRUE">20111130</date><time Sync="TRUE">10253900</time></procstep><procstep><procdesc Sync="TRUE">Dataset copied.</procdesc><srcused Sync="TRUE">\\WASSANA-PC\D$\01_NOSTRA_Standard\NOSTRA_STD_version14.1\TR_PLUS\ThaiRoadPlus.gdb</srcused><procdate Sync="TRUE">20120301</procdate><proctime Sync="TRUE">16461100</proctime></procstep><srcinfo><typesrc>CD-ROM</typesrc></srcinfo></lineage></dataqual><mdFileID>510E8766-9E63-43C2-AC01-155CFF071F88</mdFileID></metadata>
